essay_id,human_score,ai_score,ai_feedback
1441,8,4,"Weak organization, poor argument quality, and numerous grammatical errors detract from the essay's overall effectiveness."
849,7,3,"The essay lacks clear organization, coherent arguments, and proper evidence to support claims, with numerous grammatical errors and unclear sentences."
1172,7,5,"The essay lacks clear organization, argument quality, and evidence to support claims, with noticeable grammar and sentence structure issues."
739,9,5,"The essay lacks clear organization, effective argumentation, and sufficient evidence, with numerous grammatical errors and unclear sentences."
736,10,4,"The essay lacks clear organization, argument quality, and evidence. Grammar and sentence structure are also poor, making it difficult to follow the writer's points."
613,8,6,"The essay lacks clear organization and effective argumentation, with limited evidence and noticeable grammatical errors, but attempts to explore both sides of the issue."
401,6,3,"The essay lacks coherence, organization, and proper grammar, making it difficult to follow the argument."
1384,10,6,"The essay lacks effective organization, argument quality, and evidence, with numerous grammatical errors and flawed sentence structures, but attempts to address multiple counterarguments and provide some relevant points."
204,10,4,"The essay is seriously flawed due to poor organization, weak argument quality, lack of credible evidence, and multiple grammatical errors."
24,11,8,"The essay has some good points about the benefits of computers, but lacks clear organization and effective use of evidence, with many placeholders for specific data and quotes."
354,8,4,"The essay lacks clear organization, argument quality, and evidence. Grammar and sentence structure are also seriously flawed, making it difficult to follow the argument."
509,11,6,"The essay has some clear arguments, but is severely hindered by poor organization, numerous grammatical errors, and lack of effective evidence to support claims."
1212,9,6,"The essay lacks organization and cohesion, with repetitive ideas and a lack of clear transitions between paragraphs. Argument quality is also below average, with overly simplistic claims and limited evidence. Grammar errors, such as inconsistent capitalization and punctuation, detract from overall effectiveness."
579,8,4,"The essay lacks organization, coherence, and effective argumentation, with numerous grammatical errors and unclear evidence."
1606,9,4,"The essay lacks organization, coherent argument, and credible evidence, with numerous grammatical errors and unclear sentences."
112,9,5,"The essay lacks organization, and the argument is not well-supported with credible evidence. Grammar and sentence structure are also poor, making it difficult to follow the writer's points."
1277,7,5,"The essay lacks strong organization and coherent argumentation, with repetitive points and limited evidence, but attempts to address the topic."
1288,10,8,"The essay is well-organized and presents three clear reasons to support the argument. However, the writing is simplistic, and the evidence is largely anecdotal and lacks depth. Grammar and sentence structure errors are also noticeable."
234,8,8,"The essay presents a clear argument and provides relevant personal examples, but lacks strong organization, transitional phrases, and grammatical errors are present throughout the text."
530,10,6,"The essay has a clear argument, but lacks effective organization, supporting evidence, and proper grammar, resulting in a below-average score."
872,8,6,"The essay lacks cohesion and organization, with ideas and examples presented in a disjointed manner. While the writer attempts to provide evidence, it is often superficial and lacks depth. Grammatical errors and awkward phrasing also detract from the overall effectiveness of the argument."
1549,6,6,"The essay lacks a clear structure and argument development, with grammatical errors and vague points, but attempts to provide some relevant examples."
429,9,6,"The essay lacks clear organization, argument quality, and evidence to support claims. Grammar and sentence structure are also weak, making it difficult to follow the author's points."
696,8,6,"The essay has a clear but simplistic argument, lacks concrete evidence, and is plagued by numerous grammatical errors, making it below average."
1150,8,6,"The essay lacks effective organization, argument quality, and evidence, with noticeable grammar and spelling errors, but attempts to present a clear thesis and supporting points."
271,8,5,"The essay lacks clear organization and effective argumentation, with overly simplistic examples and numerous grammatical errors, making it hard to follow and understand the writer's point."
634,5,3,"The essay lacks organization, clarity, and coherence, with numerous grammatical errors and unclear arguments."
1712,9,6,"The essay has some good points about the benefits of computers, but it lacks organization, and the argument quality is hindered by simplistic and repetitive statements. Evidence is also limited and not effectively used to support claims. Grammar and sentence structure issues are prevalent throughout the essay."
189,6,3,"The essay lacks clear organization, coherent arguments, and sufficient evidence, with numerous grammatical errors and informal tone."
1208,7,2,"The essay is seriously flawed due to poor grammar, incoherent argumentation, and lack of effective evidence to support the claims."
221,6,4,"The essay lacks clear organization, argument quality, and evidence, with numerous grammatical errors and unclear sentences, making it difficult to follow and understand the author's points."
759,10,6,"The essay has some clear arguments, but is severely flawed by poor grammar, lack of cohesion, and underdeveloped evidence; it also lacks a clear structure and transitions between ideas."
1477,6,3,"Seriously flawed due to numerous grammatical errors, lack of coherent organization, and poor argument quality."
467,8,6,"The essay has some good points, but is hindered by poor organization, lack of specific evidence, and numerous grammatical errors."
1650,8,5,"The essay lacks clear organization, and the argument quality is below average. There are some attempts to provide evidence, but they are not well-supported. Grammar and sentence structure are also weak, which detracts from the overall effectiveness of the essay."
116,4,4,"The essay lacks organization, coherent arguments, and proper grammar, hindering its overall effectiveness."
1136,8,6,"The essay lacks clear organization, and the arguments are not well-supported with evidence, but it attempts to provide some relevant points about the benefits of computers."
1120,8,4,"The essay is seriously flawed due to numerous grammatical errors, lack of clear organization, and poorly developed arguments with limited evidence."
587,9,4,"The essay lacks organization, argument quality, and evidence, with numerous grammar errors and informal tone, making it difficult to follow and understand the author's points."
326,10,8,"The essay is well-organized and effectively argues the usefulness of computers, providing various examples of their benefits in communication, learning, and work. However, the writing could be improved with more sophisticated vocabulary, varied sentence structures, and attention to grammar and punctuation errors."
780,9,4,"The essay lacks clear organization, coherent argument, and credible evidence, with numerous grammatical errors and repetitive statements."
585,11,5,"The essay lacks clear organization, and the argument quality is weakened by overly simplistic and absolute statements. Evidence is limited and often anecdotal, while grammar and sentence structure are frequently flawed."
163,8,4,"The essay lacks coherent organization, contains numerous grammatical errors, and fails to provide credible evidence to support its claims, significantly hindering its overall effectiveness."
1697,8,4,"The essay lacks proper organization, argument quality, and evidence, with numerous grammatical errors and unclear sentences, making it difficult to follow and understand the argument."
465,8,4,"The essay lacks a clear structure, argument quality is weak, and evidence is incomplete or inaccurate. Grammar and spelling errors are pervasive."
355,6,4,"Essay lacks clear organization, argument quality, and sufficient evidence, with numerous grammatical errors."
1391,8,5,"The essay lacks strong organization, and the argument quality is limited. Evidence provided is basic and lacks depth. Grammar errors are frequent, impacting overall effectiveness."
425,10,6,"The essay has a clear argument, but is hindered by poor grammar, lack of evidence, and inadequate organization. Repetitive sentences and simplistic language also detract from its overall effectiveness."
1087,11,5,"The essay lacks clear organization and coherent argumentation, with numerous grammatical errors and informal tone, but attempts to provide some relevant examples of computer benefits."
238,9,6,"The essay has a clear but disorganized structure, and the argument quality is hindered by a lack of strong evidence and simplistic examples. Grammar and spelling errors are frequent."
419,6,5,"The essay lacks effective organization, argument quality, and evidence, with numerous grammatical errors and informal tone."
71,10,6,"The essay lacks organization, and the argument quality is below average due to a lack of evidence and unclear points, numerous grammatical errors detract from overall effectiveness."
333,9,4,"The essay lacks organization, argument quality, and evidence, with numerous grammatical errors and simplistic reasoning."
605,6,4,"The essay lacks organization, coherent argument, and proper evidence, with numerous grammar and spelling errors."
174,8,4,"The essay is seriously flawed due to numerous grammatical errors, lack of clear organization, and weak argument quality, but shows some attempts to discuss the benefits and drawbacks of computers."
1323,8,5,"The essay lacks clear organization, coherent argumentation, and sufficient evidence to support its claims, with numerous grammatical errors and simplistic comparisons."
136,9,3,"The essay lacks clear organization, coherent argumentation, and sufficient evidence to support claims, with numerous grammatical errors and distracting elements."
1113,10,5,"The essay has a clear argument, but is seriously flawed by numerous grammatical errors, lack of organization, and informal tone."
588,10,6,"The essay lacks organization and coherence, with ideas presented in a disjointed manner. While the writer attempts to provide examples of the benefits of computers, the argument quality is below average due to a lack of depth and supporting evidence. Grammar and sentence structure are also flawed, detracting from the overall effectiveness of the essay."
1568,7,5,"Weak organization, lack of credible evidence, and numerous grammatical errors detract from the argument's overall effectiveness."
896,8,6,"The essay has a clear, albeit simple, structure, but argument quality and evidence are limited, with excessive reliance on basic examples and lack of nuanced analysis; grammar and sentence structure also need improvement."
1781,10,5,"The essay lacks organization, argument quality, and proper grammar, but shows some potential in providing personal evidence to support the argument."
860,8,6,"The essay has some clear points but lacks strong organization, argument quality, and evidence. Grammar errors are also frequent, detracting from overall effectiveness."
708,9,6,"The essay lacks a clear and focused argument, organization is poor, and evidence is limited, but it shows some potential with simple and clear language."
781,10,6,"The essay has a clear argument, but lacks organization, effective evidence, and proper grammar, making it below average."
1141,6,4,"The essay lacks clear organization, and the arguments are not well-supported with credible evidence. Grammar and spelling errors are frequent, detracting from the overall effectiveness of the essay."
744,9,8,"The essay has a clear organization and argument, but lacks strong evidence and has noticeable grammatical errors, however, the writer's points are mostly well-supported with personal anecdotes."
1144,11,7,"The essay has some good points about the benefits of computers, but it is disorganized, lacks strong evidence, and contains grammatical errors."
1037,8,3,"The essay lacks organization, coherent argument, and proper evidence, with numerous grammar and spelling errors that hinder its overall effectiveness."
1721,9,4,"The essay lacks organization, coherence, and proper grammar, with numerous spelling and punctuation errors, making it difficult to follow the argument."
1353,10,6,"The essay has some good points about the benefits of computers, but it lacks organization, clarity, and grammatical correctness, with numerous errors in spelling, punctuation, and sentence structure."
683,10,6,"The essay has some good points about the negative effects of excessive computer use, but it is disorganized, lacks strong evidence, and contains numerous grammatical errors, making it below average."
946,8,6,"The essay has a clear argument, but is hindered by poor organization, lack of credible evidence, and numerous grammatical errors, making it difficult to follow and understand."
760,9,5,"The essay lacks clear organization, and the argument quality is below average due to a lack of supporting evidence and unclear claims. Grammar and sentence structure are also poor, affecting overall effectiveness."
1739,10,6,"The essay has some good points about the benefits of computers, but it is poorly organized, lacks clear transitions, and contains numerous grammatical errors, making it difficult to follow and understand."
929,10,8,"The essay has a clear argument and supporting points, but lacks strong evidence and organization, with some grammatical errors and repetitive sentences."
1270,10,4,"The essay lacks clear organization, coherent argument, and sufficient evidence to support claims, with numerous grammatical errors and unclear sentences."
533,8,8,"The essay has a clear argument and organization, but lacks strong evidence and depth in its points. Grammar and sentence structure are mostly correct, but there are areas for improvement in clarity and concision."
1668,9,6,"The essay has some valid points about the negative effects of excessive computer use, but it lacks organization, coherent argumentation, and proper evidence. Grammar and sentence structure are also poor, making it difficult to follow the author's train of thought."
955,8,4,"The essay lacks clear organization, argument quality, and evidence. Grammar and sentence structure are also severely flawed, making it difficult to understand the author's points."
1111,11,8,"The essay has a clear argument and uses personal experiences as evidence, but lacks strong organization, grammar, and varied sentence structure, which hinders its overall effectiveness."
1451,9,8,"The essay is well-organized and presents several relevant examples to support the argument that computers have a positive effect on people. However, the writing could be more polished, and the evidence, while anecdotal and relatable, lacks depth and variety. Transitions between paragraphs could also be smoother."
596,6,4,"The essay lacks clear organization, argument quality, and evidence, with numerous grammatical errors and unclear sentence structure."
488,8,6,"The essay lacks clear organization, and the argument is not well-supported with evidence. Grammar and sentence structure errors are frequent, but the writer does attempt to provide some personal examples and points to support their claim."
30,8,8,"The essay presents a clear argument and supporting points, but lacks depth and polish in its organization, evidence, and grammar, making it an average essay."
827,6,4,"The essay lacks coherent organization, and the argument is unsupported by credible evidence, with numerous grammatical errors and unclear points."
386,10,6,"The essay has a clear thesis, but the argument is simplistic and lacks depth. Organization is somewhat coherent, but transitions between ideas are rough. Evidence is limited to personal anecdotes and lacks variety. Grammar and sentence structure are often flawed, detracting from overall effectiveness."
66,9,5,"The essay lacks clear organization and argument quality, with overly simplistic and repetitive points, and contains numerous grammatical errors."
416,6,3,"The essay lacks a clear and coherent argument, with poorly organized and unsupported opinions, and significant grammatical errors."
1542,10,6,"The essay lacks organization, contains grammatical errors, and relies on unsubstantiated claims, but it attempts to present multiple reasons to support its argument."
1625,8,6,"The essay lacks strong organization and clear argument development, with repetitive examples and grammatical errors."
1264,9,6,"The essay presents some relevant points but lacks coherence, depth, and proper grammar. Transitions between ideas are missing, and evidence is largely anecdotal. Consider revising with more nuanced arguments and varied sentence structures."
1507,9,3,"The essay lacks clear organization, coherent argument, and credible evidence, with numerous grammar and spelling errors."
1411,11,5,"The essay lacks clear organization and coherent arguments, with numerous grammatical errors and lack of credible evidence to support claims."
377,10,6,"The essay has a clear argument, but lacks effective organization, credible evidence, and proper grammar, with numerous errors and informal tone."
991,6,6,"The essay lacks clear organization and supporting evidence, but attempts to present a basic argument with some relevant points about the benefits of computers."
1173,8,5,"Weak organization, simplistic argument, and lack of credible evidence, with noticeable grammatical errors throughout the essay."
240,8,5,"The essay lacks clear organization and argument quality, with excessive use of personal anecdotes and limited evidence to support claims."
1631,8,4,"The essay lacks organization, coherent arguments, and credible evidence, with numerous grammatical errors and an unconvincing tone."
801,9,4,"The essay lacks coherence and organization, with many grammatical errors and unclear arguments. The writer attempts to make points about the negative effects of excessive computer use, but the evidence and supporting details are limited and poorly presented."
